"key","x","z","id"
"walls",-2112,-143,1
"walls",-2111,-143,2
"walls",-2110,-143,3
"walls",-2109,-143,4
"walls",-2108,-143,5
"walls",-2107,-143,6
"walls",-2106,-143,7
"walls",-2105,-143,8
"walls",-2104,-143,9
"walls",-2103,-143,10
"walls",-2102,-143,11
"walls",-2101,-143,12
"walls",-2100,-143,13
"walls",-2099,-143,14
"walls",-2098,-143,15
"walls",-2097,-143,16
"walls",-2112,-143,17
"walls",-2111,-143,18
"walls",-2110,-143,19
"walls",-2109,-143,20
"walls",-2108,-143,21
"walls",-2107,-143,22
"walls",-2106,-143,23
"walls",-2105,-143,24
"walls",-2104,-143,25
"walls",-2103,-143,26
"walls",-2102,-143,27
"walls",-2101,-143,28
"walls",-2100,-143,29
"walls",-2099,-143,30
"walls",-2098,-143,31
"walls",-2097,-143,32
"walls",-2112,-143,33
"walls",-2111,-143,34
"walls",-2110,-143,35
"walls",-2109,-143,36
"walls",-2108,-143,37
"walls",-2107,-143,38
"walls",-2106,-143,39
"walls",-2105,-143,40
"walls",-2104,-143,41
"walls",-2103,-143,42
"walls",-2102,-143,43
"walls",-2101,-143,44
"walls",-2100,-143,45
"walls",-2099,-143,46
"walls",-2098,-143,47
"walls",-2097,-143,48
"walls",-2106,-150,49
"walls",-2106,-151,50
"walls",-2106,-152,51
"walls",-2106,-153,52
"walls",-2106,-154,53
"walls",-2106,-155,54
"walls",-2106,-156,55
"walls",-2106,-157,56
"walls",-2106,-158,57
"walls",-2106,-159,58
"walls",-2106,-149,59
"walls",-2105,-149,60
"walls",-2104,-149,61
"walls",-2103,-149,62
"walls",-2102,-149,63
"walls",-2101,-149,64
"walls",-2100,-149,65
"walls",-2099,-149,66
"walls",-2098,-149,67
"walls",-2097,-149,68
"walls",-2106,-150,69
"walls",-2106,-151,70
"walls",-2106,-152,71
"walls",-2106,-153,72
"walls",-2106,-154,73
"walls",-2106,-155,74
"walls",-2106,-156,75
"walls",-2106,-157,76
"walls",-2106,-158,77
"walls",-2106,-159,78
"walls",-2106,-149,79
"walls",-2105,-149,80
"walls",-2104,-149,81
"walls",-2103,-149,82
"walls",-2102,-149,83
"walls",-2101,-149,84
"walls",-2100,-149,85
"walls",-2099,-149,86
"walls",-2098,-149,87
"walls",-2097,-149,88
"walls",-2106,-160,89
"walls",-2106,-161,90
"walls",-2106,-162,91
"walls",-2106,-163,92
"walls",-2106,-164,93
"walls",-2099,-164,94
"walls",-2098,-164,95
"walls",-2106,-165,96
"walls",-2102,-165,97
"walls",-2101,-165,98
"walls",-2100,-165,99
"walls",-2106,-166,100
"walls",-2103,-166,101
"walls",-2106,-167,102
"walls",-2105,-167,103
"walls",-2104,-167,104
"walls",-2106,-168,105
"walls",-2107,-169,106
"walls",-2107,-170,107
"walls",-2108,-171,108
"walls",-2109,-172,109
"walls",-2109,-173,110
"walls",-2109,-174,111
"walls",-2110,-175,112
"walls",-2106,-160,113
"walls",-2106,-161,114
"walls",-2106,-162,115
"walls",-2106,-163,116
"walls",-2106,-164,117
"walls",-2106,-165,118
"walls",-2106,-166,119
"walls",-2106,-167,120
"walls",-2106,-168,121
"walls",-2107,-169,122
"walls",-2107,-170,123
"walls",-2108,-171,124
"walls",-2109,-172,125
"walls",-2109,-173,126
"walls",-2109,-174,127
"walls",-2110,-175,128
"walls",-2110,-176,129
"walls",-2110,-177,130
"walls",-2109,-178,131
"walls",-2108,-178,132
"walls",-2107,-178,133
"walls",-2106,-178,134
"walls",-2105,-178,135
"walls",-2104,-178,136
"walls",-2103,-178,137
"walls",-2102,-178,138
"walls",-2101,-178,139
"walls",-2100,-178,140
"walls",-2099,-178,141
"walls",-2098,-178,142
"walls",-2097,-178,143
"walls",-2109,-179,144
"walls",-2109,-180,145
"walls",-2109,-181,146
"walls",-2109,-182,147
"walls",-2109,-183,148
"doors",-2108,-183,149
"walls",-2107,-183,150
"walls",-2106,-183,151
"walls",-2105,-183,152
"walls",-2104,-183,153
"walls",-2103,-183,154
"walls",-2102,-183,155
"walls",-2101,-183,156
"walls",-2100,-183,157
"doors",-2099,-183,158
"walls",-2098,-183,159
"walls",-2097,-183,160
"walls",-2109,-184,161
"walls",-2106,-184,162
"walls",-2104,-184,163
"walls",-2100,-184,164
"walls",-2097,-184,165
"walls",-2109,-185,166
"walls",-2106,-185,167
"walls",-2105,-185,168
"walls",-2100,-185,169
"walls",-2097,-185,170
"walls",-2109,-186,171
"walls",-2106,-186,172
"yellow victims",-2101,-186,173
"walls",-2100,-186,174
"walls",-2097,-186,175
"walls",-2109,-187,176
"walls",-2106,-187,177
"stairs",-2103,-187,178
"stairs",-2102,-187,179
"stairs",-2101,-187,180
"walls",-2100,-187,181
"walls",-2097,-187,182
"walls",-2109,-188,183
"walls",-2106,-188,184
"walls",-2100,-188,185
"walls",-2097,-188,186
"walls",-2109,-189,187
"stairs",-2103,-189,188
"stairs",-2102,-189,189
"stairs",-2101,-189,190
"walls",-2100,-189,191
"walls",-2109,-190,192
"green victims",-2104,-190,193
"walls",-2100,-190,194
"walls",-2109,-191,195
"walls",-2100,-191,196
"walls",-2110,-176,197
"walls",-2110,-177,198
"walls",-2109,-178,199
"walls",-2109,-183,200
"doors",-2108,-183,201
"walls",-2107,-183,202
"walls",-2106,-183,203
"walls",-2105,-183,204
"walls",-2104,-183,205
"walls",-2103,-183,206
"walls",-2102,-183,207
"walls",-2101,-183,208
"walls",-2100,-183,209
"doors",-2099,-183,210
"walls",-2098,-183,211
"walls",-2097,-183,212
"walls",-2106,-184,213
"walls",-2104,-184,214
"walls",-2100,-184,215
"walls",-2097,-184,216
"walls",-2106,-185,217
"walls",-2105,-185,218
"walls",-2100,-185,219
"walls",-2097,-185,220
"walls",-2106,-186,221
"walls",-2100,-186,222
"walls",-2097,-186,223
"walls",-2106,-187,224
"walls",-2100,-187,225
"walls",-2097,-187,226
"walls",-2106,-188,227
"walls",-2100,-188,228
"walls",-2097,-188,229
"walls",-2100,-189,230
"walls",-2100,-190,231
"walls",-2100,-191,232
"walls",-2109,-178,233
"walls",-2109,-183,234
"doors",-2108,-183,235
"walls",-2107,-183,236
"walls",-2106,-183,237
"walls",-2105,-183,238
"walls",-2104,-183,239
"walls",-2103,-183,240
"walls",-2102,-183,241
"walls",-2101,-183,242
"walls",-2100,-183,243
"doors",-2099,-183,244
"walls",-2098,-183,245
"walls",-2097,-183,246
"walls",-2106,-184,247
"walls",-2105,-184,248
"walls",-2104,-184,249
"walls",-2100,-184,250
"walls",-2097,-184,251
"walls",-2106,-185,252
"walls",-2105,-185,253
"walls",-2100,-185,254
"walls",-2097,-185,255
"walls",-2106,-186,256
"walls",-2100,-186,257
"walls",-2097,-186,258
"walls",-2106,-187,259
"walls",-2100,-187,260
"walls",-2097,-187,261
"walls",-2106,-188,262
"walls",-2100,-188,263
"walls",-2097,-188,264
"walls",-2100,-189,265
"walls",-2100,-190,266
"walls",-2100,-191,267
"walls",-2109,-192,268
"walls",-2108,-192,269
"walls",-2107,-192,270
"walls",-2106,-192,271
"walls",-2105,-192,272
"walls",-2104,-192,273
"walls",-2103,-192,274
"walls",-2102,-192,275
"walls",-2101,-192,276
"walls",-2100,-192,277
"walls",-2099,-192,278
"walls",-2098,-192,279
"walls",-2097,-192,280
"walls",-2109,-192,281
"walls",-2100,-192,282
"walls",-2109,-192,283
"walls",-2100,-192,284
"walls",-2096,-143,285
"walls",-2095,-143,286
"walls",-2094,-143,287
"walls",-2093,-143,288
"walls",-2092,-143,289
"walls",-2091,-143,290
"walls",-2090,-143,291
"walls",-2089,-143,292
"walls",-2088,-143,293
"walls",-2087,-143,294
"walls",-2086,-143,295
"walls",-2085,-143,296
"walls",-2084,-143,297
"walls",-2083,-143,298
"walls",-2082,-143,299
"walls",-2081,-143,300
"walls",-2096,-143,301
"walls",-2089,-143,302
"walls",-2088,-143,303
"walls",-2087,-143,304
"walls",-2086,-143,305
"walls",-2085,-143,306
"walls",-2096,-143,307
"walls",-2089,-143,308
"walls",-2088,-143,309
"walls",-2087,-143,310
"walls",-2086,-143,311
"walls",-2085,-143,312
"doors",-2096,-144,313
"walls",-2089,-144,314
"yellow victims",-2087,-144,315
"walls",-2085,-144,316
"stairs",-2084,-144,317
"stairs",-2083,-144,318
"stairs",-2082,-144,319
"doors",-2096,-145,320
"walls",-2089,-145,321
"walls",-2085,-145,322
"green victims",-2084,-145,323
"walls",-2096,-146,324
"walls",-2089,-146,325
"walls",-2085,-146,326
"doors",-2096,-147,327
"walls",-2089,-147,328
"walls",-2085,-147,329
"stairs",-2084,-147,330
"doors",-2096,-148,331
"walls",-2089,-148,332
"walls",-2085,-148,333
"stairs",-2084,-148,334
"walls",-2096,-149,335
"walls",-2089,-149,336
"walls",-2085,-149,337
"walls",-2096,-150,338
"walls",-2095,-150,339
"walls",-2093,-150,340
"walls",-2091,-150,341
"walls",-2089,-150,342
"walls",-2085,-150,343
"walls",-2096,-151,344
"walls",-2089,-151,345
"walls",-2088,-151,346
"doors",-2087,-151,347
"walls",-2086,-151,348
"walls",-2085,-151,349
"walls",-2084,-151,350
"walls",-2083,-151,351
"walls",-2096,-152,352
"walls",-2096,-153,353
"walls",-2096,-154,354
"walls",-2095,-154,355
"walls",-2096,-155,356
"walls",-2094,-155,357
"walls",-2096,-156,358
"walls",-2095,-156,359
"walls",-2094,-156,360
"walls",-2093,-156,361
"walls",-2092,-156,362
"walls",-2091,-156,363
"walls",-2090,-156,364
"walls",-2089,-156,365
"walls",-2088,-156,366
"doors",-2087,-156,367
"walls",-2086,-156,368
"walls",-2085,-156,369
"walls",-2084,-156,370
"walls",-2083,-156,371
"walls",-2082,-156,372
"walls",-2081,-156,373
"walls",-2096,-157,374
"walls",-2096,-158,375
"walls",-2096,-159,376
"walls",-2093,-159,377
"walls",-2092,-159,378
"walls",-2091,-159,379
"walls",-2090,-159,380
"walls",-2089,-159,381
"walls",-2085,-159,382
"walls",-2084,-159,383
"walls",-2083,-159,384
"walls",-2082,-159,385
"walls",-2081,-159,386
"doors",-2096,-144,387
"walls",-2085,-144,388
"doors",-2096,-145,389
"walls",-2085,-145,390
"walls",-2096,-146,391
"walls",-2085,-146,392
"doors",-2096,-147,393
"walls",-2085,-147,394
"doors",-2096,-148,395
"walls",-2085,-148,396
"walls",-2096,-149,397
"walls",-2085,-149,398
"walls",-2096,-150,399
"walls",-2095,-150,400
"walls",-2093,-150,401
"walls",-2091,-150,402
"walls",-2085,-150,403
"walls",-2089,-151,404
"walls",-2088,-151,405
"doors",-2087,-151,406
"walls",-2086,-151,407
"walls",-2085,-151,408
"walls",-2084,-151,409
"walls",-2083,-151,410
"walls",-2096,-154,411
"walls",-2095,-154,412
"walls",-2096,-155,413
"walls",-2096,-156,414
"doors",-2087,-156,415
"walls",-2093,-159,416
"walls",-2092,-159,417
"walls",-2091,-159,418
"walls",-2090,-159,419
"walls",-2089,-159,420
"walls",-2085,-159,421
"walls",-2084,-159,422
"walls",-2083,-159,423
"walls",-2082,-159,424
"walls",-2081,-159,425
"doors",-2096,-144,426
"walls",-2085,-144,427
"doors",-2096,-145,428
"walls",-2085,-145,429
"walls",-2096,-146,430
"walls",-2085,-146,431
"doors",-2096,-147,432
"walls",-2085,-147,433
"doors",-2096,-148,434
"walls",-2085,-148,435
"walls",-2096,-149,436
"walls",-2085,-149,437
"walls",-2096,-150,438
"walls",-2095,-150,439
"walls",-2093,-150,440
"walls",-2091,-150,441
"walls",-2085,-150,442
"walls",-2089,-151,443
"walls",-2088,-151,444
"doors",-2087,-151,445
"walls",-2086,-151,446
"walls",-2085,-151,447
"walls",-2084,-151,448
"walls",-2083,-151,449
"walls",-2096,-154,450
"walls",-2095,-154,451
"walls",-2096,-155,452
"walls",-2096,-156,453
"doors",-2087,-156,454
"walls",-2093,-159,455
"walls",-2092,-159,456
"walls",-2091,-159,457
"walls",-2090,-159,458
"walls",-2089,-159,459
"walls",-2085,-159,460
"walls",-2084,-159,461
"walls",-2083,-159,462
"walls",-2082,-159,463
"walls",-2081,-159,464
"walls",-2096,-160,465
"stairs",-2092,-160,466
"walls",-2091,-160,467
"stairs",-2090,-160,468
"stairs",-2084,-160,469
"walls",-2083,-160,470
"stairs",-2082,-160,471
"yellow victims",-2081,-160,472
"walls",-2096,-161,473
"stairs",-2093,-161,474
"stairs",-2092,-161,475
"walls",-2091,-161,476
"stairs",-2090,-161,477
"stairs",-2089,-161,478
"stairs",-2085,-161,479
"stairs",-2084,-161,480
"walls",-2083,-161,481
"stairs",-2082,-161,482
"stairs",-2081,-161,483
"walls",-2096,-162,484
"stairs",-2092,-162,485
"walls",-2091,-162,486
"stairs",-2090,-162,487
"stairs",-2084,-162,488
"walls",-2083,-162,489
"stairs",-2082,-162,490
"walls",-2096,-163,491
"walls",-2093,-163,492
"walls",-2092,-163,493
"walls",-2091,-163,494
"walls",-2090,-163,495
"walls",-2089,-163,496
"walls",-2085,-163,497
"walls",-2084,-163,498
"walls",-2083,-163,499
"walls",-2082,-163,500
"walls",-2081,-163,501
"walls",-2096,-164,502
"stairs",-2092,-164,503
"walls",-2091,-164,504
"stairs",-2090,-164,505
"stairs",-2084,-164,506
"walls",-2083,-164,507
"stairs",-2082,-164,508
"walls",-2096,-165,509
"stairs",-2093,-165,510
"stairs",-2092,-165,511
"walls",-2091,-165,512
"stairs",-2090,-165,513
"stairs",-2089,-165,514
"stairs",-2085,-165,515
"stairs",-2084,-165,516
"walls",-2083,-165,517
"stairs",-2082,-165,518
"stairs",-2081,-165,519
"walls",-2096,-166,520
"stairs",-2092,-166,521
"walls",-2091,-166,522
"stairs",-2090,-166,523
"stairs",-2084,-166,524
"walls",-2083,-166,525
"stairs",-2082,-166,526
"walls",-2096,-167,527
"walls",-2093,-167,528
"walls",-2092,-167,529
"walls",-2091,-167,530
"walls",-2090,-167,531
"walls",-2089,-167,532
"walls",-2085,-167,533
"walls",-2084,-167,534
"walls",-2083,-167,535
"walls",-2082,-167,536
"walls",-2081,-167,537
"walls",-2096,-168,538
"yellow victims",-2093,-168,539
"stairs",-2092,-168,540
"walls",-2091,-168,541
"stairs",-2090,-168,542
"stairs",-2084,-168,543
"walls",-2083,-168,544
"stairs",-2082,-168,545
"walls",-2096,-169,546
"stairs",-2093,-169,547
"stairs",-2092,-169,548
"walls",-2091,-169,549
"stairs",-2090,-169,550
"stairs",-2089,-169,551
"stairs",-2085,-169,552
"stairs",-2084,-169,553
"walls",-2083,-169,554
"stairs",-2082,-169,555
"stairs",-2081,-169,556
"walls",-2096,-170,557
"stairs",-2092,-170,558
"walls",-2091,-170,559
"stairs",-2090,-170,560
"stairs",-2084,-170,561
"walls",-2083,-170,562
"stairs",-2082,-170,563
"walls",-2096,-171,564
"walls",-2093,-171,565
"walls",-2092,-171,566
"walls",-2091,-171,567
"walls",-2090,-171,568
"walls",-2089,-171,569
"walls",-2085,-171,570
"walls",-2084,-171,571
"walls",-2083,-171,572
"walls",-2082,-171,573
"walls",-2081,-171,574
"walls",-2096,-172,575
"stairs",-2092,-172,576
"walls",-2091,-172,577
"stairs",-2090,-172,578
"stairs",-2084,-172,579
"walls",-2083,-172,580
"stairs",-2082,-172,581
"walls",-2096,-173,582
"stairs",-2093,-173,583
"stairs",-2092,-173,584
"walls",-2091,-173,585
"stairs",-2090,-173,586
"stairs",-2089,-173,587
"stairs",-2085,-173,588
"stairs",-2084,-173,589
"walls",-2083,-173,590
"stairs",-2082,-173,591
"stairs",-2081,-173,592
"walls",-2096,-174,593
"stairs",-2092,-174,594
"walls",-2091,-174,595
"stairs",-2090,-174,596
"stairs",-2084,-174,597
"walls",-2083,-174,598
"stairs",-2082,-174,599
"green victims",-2081,-174,600
"walls",-2096,-175,601
"walls",-2093,-175,602
"walls",-2092,-175,603
"walls",-2091,-175,604
"walls",-2090,-175,605
"walls",-2089,-175,606
"walls",-2085,-175,607
"walls",-2084,-175,608
"walls",-2083,-175,609
"walls",-2082,-175,610
"walls",-2081,-175,611
"walls",-2091,-160,612
"walls",-2083,-160,613
"walls",-2091,-161,614
"walls",-2083,-161,615
"walls",-2091,-162,616
"walls",-2083,-162,617
"walls",-2093,-163,618
"walls",-2092,-163,619
"walls",-2091,-163,620
"walls",-2090,-163,621
"walls",-2089,-163,622
"walls",-2085,-163,623
"walls",-2084,-163,624
"walls",-2083,-163,625
"walls",-2082,-163,626
"walls",-2081,-163,627
"walls",-2091,-164,628
"walls",-2083,-164,629
"walls",-2091,-165,630
"walls",-2083,-165,631
"walls",-2091,-166,632
"walls",-2083,-166,633
"walls",-2093,-167,634
"walls",-2092,-167,635
"walls",-2091,-167,636
"walls",-2090,-167,637
"walls",-2089,-167,638
"walls",-2085,-167,639
"walls",-2084,-167,640
"walls",-2083,-167,641
"walls",-2082,-167,642
"walls",-2081,-167,643
"walls",-2091,-168,644
"walls",-2083,-168,645
"walls",-2091,-169,646
"walls",-2083,-169,647
"walls",-2091,-170,648
"walls",-2083,-170,649
"walls",-2093,-171,650
"walls",-2092,-171,651
"walls",-2091,-171,652
"walls",-2090,-171,653
"walls",-2089,-171,654
"walls",-2085,-171,655
"walls",-2084,-171,656
"walls",-2083,-171,657
"walls",-2082,-171,658
"walls",-2081,-171,659
"walls",-2091,-172,660
"walls",-2083,-172,661
"walls",-2091,-173,662
"walls",-2083,-173,663
"walls",-2091,-174,664
"walls",-2083,-174,665
"walls",-2093,-175,666
"walls",-2092,-175,667
"walls",-2091,-175,668
"walls",-2090,-175,669
"walls",-2089,-175,670
"walls",-2085,-175,671
"walls",-2084,-175,672
"walls",-2083,-175,673
"walls",-2082,-175,674
"walls",-2081,-175,675
"walls",-2091,-160,676
"walls",-2083,-160,677
"walls",-2091,-161,678
"walls",-2083,-161,679
"walls",-2091,-162,680
"walls",-2083,-162,681
"walls",-2093,-163,682
"walls",-2092,-163,683
"walls",-2091,-163,684
"walls",-2090,-163,685
"walls",-2089,-163,686
"walls",-2085,-163,687
"walls",-2084,-163,688
"walls",-2083,-163,689
"walls",-2082,-163,690
"walls",-2081,-163,691
"walls",-2091,-164,692
"walls",-2083,-164,693
"walls",-2091,-165,694
"walls",-2083,-165,695
"walls",-2091,-166,696
"walls",-2083,-166,697
"walls",-2093,-167,698
"walls",-2092,-167,699
"walls",-2091,-167,700
"walls",-2090,-167,701
"walls",-2089,-167,702
"walls",-2085,-167,703
"walls",-2084,-167,704
"walls",-2083,-167,705
"walls",-2082,-167,706
"walls",-2081,-167,707
"walls",-2091,-168,708
"walls",-2083,-168,709
"walls",-2091,-169,710
"walls",-2083,-169,711
"walls",-2091,-170,712
"walls",-2083,-170,713
"walls",-2093,-171,714
"walls",-2092,-171,715
"walls",-2091,-171,716
"walls",-2090,-171,717
"walls",-2089,-171,718
"walls",-2085,-171,719
"walls",-2084,-171,720
"walls",-2083,-171,721
"walls",-2082,-171,722
"walls",-2081,-171,723
"walls",-2091,-172,724
"walls",-2083,-172,725
"walls",-2091,-173,726
"walls",-2083,-173,727
"walls",-2091,-174,728
"walls",-2083,-174,729
"walls",-2093,-175,730
"walls",-2092,-175,731
"walls",-2091,-175,732
"walls",-2090,-175,733
"walls",-2089,-175,734
"walls",-2085,-175,735
"walls",-2084,-175,736
"walls",-2083,-175,737
"walls",-2082,-175,738
"walls",-2081,-175,739
"walls",-2096,-176,740
"walls",-2096,-177,741
"walls",-2096,-178,742
"walls",-2095,-178,743
"walls",-2094,-178,744
"walls",-2093,-178,745
"walls",-2092,-178,746
"walls",-2091,-178,747
"walls",-2090,-178,748
"walls",-2089,-178,749
"walls",-2088,-178,750
"doors",-2087,-178,751
"walls",-2086,-178,752
"walls",-2085,-178,753
"walls",-2084,-178,754
"walls",-2083,-178,755
"walls",-2082,-178,756
"walls",-2081,-178,757
"walls",-2096,-183,758
"walls",-2095,-183,759
"walls",-2094,-183,760
"walls",-2093,-183,761
"walls",-2092,-183,762
"walls",-2091,-183,763
"doors",-2090,-183,764
"walls",-2089,-183,765
"walls",-2088,-183,766
"walls",-2087,-183,767
"walls",-2086,-183,768
"walls",-2085,-183,769
"walls",-2084,-183,770
"walls",-2083,-183,771
"walls",-2082,-183,772
"doors",-2081,-183,773
"walls",-2095,-184,774
"walls",-2091,-184,775
"walls",-2088,-184,776
"walls",-2086,-184,777
"walls",-2082,-184,778
"walls",-2096,-185,779
"walls",-2091,-185,780
"walls",-2088,-185,781
"walls",-2087,-185,782
"walls",-2082,-185,783
"yellow victims",-2094,-186,784
"walls",-2091,-186,785
"walls",-2088,-186,786
"walls",-2082,-186,787
"stairs",-2094,-187,788
"stairs",-2093,-187,789
"stairs",-2092,-187,790
"walls",-2091,-187,791
"walls",-2088,-187,792
"stairs",-2085,-187,793
"stairs",-2084,-187,794
"stairs",-2083,-187,795
"walls",-2082,-187,796
"walls",-2091,-188,797
"walls",-2088,-188,798
"walls",-2082,-188,799
"stairs",-2094,-189,800
"stairs",-2093,-189,801
"stairs",-2092,-189,802
"walls",-2091,-189,803
"stairs",-2085,-189,804
"stairs",-2084,-189,805
"stairs",-2083,-189,806
"walls",-2082,-189,807
"walls",-2091,-190,808
"walls",-2082,-190,809
"walls",-2091,-191,810
"walls",-2082,-191,811
"walls",-2096,-178,812
"doors",-2087,-178,813
"walls",-2096,-183,814
"walls",-2095,-183,815
"walls",-2094,-183,816
"walls",-2093,-183,817
"walls",-2092,-183,818
"walls",-2091,-183,819
"doors",-2090,-183,820
"walls",-2089,-183,821
"walls",-2088,-183,822
"walls",-2087,-183,823
"walls",-2086,-183,824
"walls",-2085,-183,825
"walls",-2084,-183,826
"walls",-2083,-183,827
"walls",-2082,-183,828
"doors",-2081,-183,829
"walls",-2095,-184,830
"walls",-2091,-184,831
"walls",-2088,-184,832
"walls",-2086,-184,833
"walls",-2082,-184,834
"walls",-2096,-185,835
"walls",-2091,-185,836
"walls",-2088,-185,837
"walls",-2087,-185,838
"walls",-2082,-185,839
"walls",-2091,-186,840
"walls",-2088,-186,841
"walls",-2082,-186,842
"walls",-2091,-187,843
"walls",-2088,-187,844
"walls",-2082,-187,845
"walls",-2091,-188,846
"walls",-2088,-188,847
"walls",-2082,-188,848
"walls",-2091,-189,849
"walls",-2082,-189,850
"walls",-2091,-190,851
"walls",-2082,-190,852
"walls",-2091,-191,853
"walls",-2082,-191,854
"walls",-2096,-178,855
"doors",-2087,-178,856
"walls",-2096,-183,857
"walls",-2095,-183,858
"walls",-2094,-183,859
"walls",-2093,-183,860
"walls",-2092,-183,861
"walls",-2091,-183,862
"doors",-2090,-183,863
"walls",-2089,-183,864
"walls",-2088,-183,865
"walls",-2087,-183,866
"walls",-2086,-183,867
"walls",-2085,-183,868
"walls",-2084,-183,869
"walls",-2083,-183,870
"walls",-2082,-183,871
"doors",-2081,-183,872
"walls",-2096,-184,873
"walls",-2095,-184,874
"walls",-2091,-184,875
"walls",-2088,-184,876
"walls",-2087,-184,877
"walls",-2086,-184,878
"walls",-2082,-184,879
"walls",-2096,-185,880
"walls",-2091,-185,881
"walls",-2088,-185,882
"walls",-2087,-185,883
"walls",-2082,-185,884
"walls",-2091,-186,885
"walls",-2088,-186,886
"walls",-2082,-186,887
"walls",-2091,-187,888
"walls",-2088,-187,889
"walls",-2082,-187,890
"walls",-2091,-188,891
"walls",-2088,-188,892
"walls",-2082,-188,893
"walls",-2091,-189,894
"walls",-2082,-189,895
"walls",-2091,-190,896
"walls",-2082,-190,897
"walls",-2091,-191,898
"walls",-2082,-191,899
"walls",-2096,-192,900
"walls",-2095,-192,901
"walls",-2094,-192,902
"walls",-2093,-192,903
"walls",-2092,-192,904
"walls",-2091,-192,905
"walls",-2090,-192,906
"walls",-2089,-192,907
"walls",-2088,-192,908
"walls",-2087,-192,909
"walls",-2086,-192,910
"walls",-2085,-192,911
"walls",-2084,-192,912
"walls",-2083,-192,913
"walls",-2082,-192,914
"walls",-2081,-192,915
"walls",-2091,-192,916
"walls",-2082,-192,917
"walls",-2091,-192,918
"walls",-2082,-192,919
"walls",-2080,-143,920
"walls",-2079,-143,921
"walls",-2078,-143,922
"walls",-2077,-143,923
"walls",-2076,-143,924
"walls",-2075,-143,925
"walls",-2074,-143,926
"walls",-2073,-143,927
"walls",-2072,-143,928
"walls",-2071,-143,929
"walls",-2070,-143,930
"walls",-2069,-143,931
"walls",-2068,-143,932
"walls",-2067,-143,933
"walls",-2066,-143,934
"walls",-2065,-143,935
"walls",-2076,-143,936
"walls",-2076,-143,937
"stairs",-2079,-144,938
"stairs",-2078,-144,939
"stairs",-2077,-144,940
"walls",-2076,-144,941
"stairs",-2065,-144,942
"walls",-2076,-145,943
"stairs",-2065,-145,944
"walls",-2076,-146,945
"stairs",-2065,-146,946
"stairs",-2077,-147,947
"walls",-2076,-147,948
"walls",-2073,-147,949
"stairs",-2077,-148,950
"walls",-2076,-148,951
"walls",-2073,-148,952
"walls",-2076,-149,953
"walls",-2073,-149,954
"walls",-2072,-149,955
"yellow victims",-2065,-149,956
"yellow victims",-2077,-150,957
"walls",-2076,-150,958
"walls",-2073,-150,959
"walls",-2071,-150,960
"walls",-2078,-151,961
"walls",-2077,-151,962
"walls",-2076,-151,963
"doors",-2075,-151,964
"walls",-2073,-151,965
"walls",-2072,-151,966
"walls",-2071,-151,967
"walls",-2070,-151,968
"walls",-2069,-151,969
"walls",-2068,-151,970
"walls",-2067,-151,971
"walls",-2066,-151,972
"walls",-2065,-151,973
"walls",-2080,-156,974
"walls",-2079,-156,975
"walls",-2078,-156,976
"walls",-2073,-156,977
"walls",-2072,-156,978
"doors",-2071,-156,979
"walls",-2070,-156,980
"walls",-2069,-156,981
"walls",-2068,-156,982
"walls",-2067,-156,983
"walls",-2066,-156,984
"walls",-2065,-156,985
"walls",-2078,-157,986
"walls",-2073,-157,987
"walls",-2072,-157,988
"walls",-2066,-157,989
"walls",-2065,-157,990
"walls",-2078,-158,991
"walls",-2073,-158,992
"walls",-2072,-158,993
"walls",-2066,-158,994
"walls",-2065,-158,995
"walls",-2078,-159,996
"walls",-2073,-159,997
"walls",-2071,-159,998
"walls",-2067,-159,999
"walls",-2066,-159,1000
"walls",-2065,-159,1001
"walls",-2076,-144,1002
"walls",-2076,-145,1003
"walls",-2076,-146,1004
"walls",-2076,-147,1005
"walls",-2073,-147,1006
"walls",-2076,-148,1007
"walls",-2073,-148,1008
"walls",-2076,-149,1009
"walls",-2073,-149,1010
"walls",-2072,-149,1011
"walls",-2076,-150,1012
"walls",-2073,-150,1013
"walls",-2071,-150,1014
"walls",-2078,-151,1015
"walls",-2077,-151,1016
"walls",-2076,-151,1017
"doors",-2075,-151,1018
"walls",-2073,-151,1019
"walls",-2072,-151,1020
"walls",-2071,-151,1021
"walls",-2070,-151,1022
"walls",-2069,-151,1023
"walls",-2068,-151,1024
"walls",-2067,-151,1025
"walls",-2066,-151,1026
"walls",-2065,-151,1027
"walls",-2073,-156,1028
"walls",-2072,-156,1029
"doors",-2071,-156,1030
"walls",-2070,-156,1031
"walls",-2069,-156,1032
"walls",-2068,-156,1033
"walls",-2067,-156,1034
"walls",-2066,-156,1035
"walls",-2065,-156,1036
"walls",-2073,-157,1037
"walls",-2072,-157,1038
"walls",-2066,-157,1039
"walls",-2065,-157,1040
"walls",-2073,-158,1041
"walls",-2072,-158,1042
"walls",-2066,-158,1043
"walls",-2065,-158,1044
"walls",-2073,-159,1045
"walls",-2071,-159,1046
"walls",-2066,-159,1047
"walls",-2065,-159,1048
"walls",-2076,-144,1049
"walls",-2076,-145,1050
"walls",-2076,-146,1051
"walls",-2076,-147,1052
"walls",-2073,-147,1053
"walls",-2076,-148,1054
"walls",-2073,-148,1055
"walls",-2076,-149,1056
"walls",-2073,-149,1057
"walls",-2072,-149,1058
"walls",-2076,-150,1059
"walls",-2073,-150,1060
"walls",-2072,-150,1061
"walls",-2071,-150,1062
"walls",-2078,-151,1063
"walls",-2077,-151,1064
"walls",-2076,-151,1065
"doors",-2075,-151,1066
"walls",-2074,-151,1067
"walls",-2073,-151,1068
"walls",-2072,-151,1069
"walls",-2071,-151,1070
"walls",-2070,-151,1071
"walls",-2069,-151,1072
"walls",-2068,-151,1073
"walls",-2067,-151,1074
"walls",-2066,-151,1075
"walls",-2065,-151,1076
"walls",-2073,-156,1077
"walls",-2072,-156,1078
"doors",-2071,-156,1079
"walls",-2070,-156,1080
"walls",-2069,-156,1081
"walls",-2068,-156,1082
"walls",-2067,-156,1083
"walls",-2066,-156,1084
"walls",-2065,-156,1085
"walls",-2073,-157,1086
"walls",-2072,-157,1087
"walls",-2066,-157,1088
"walls",-2065,-157,1089
"walls",-2073,-158,1090
"walls",-2072,-158,1091
"walls",-2066,-158,1092
"walls",-2065,-158,1093
"walls",-2073,-159,1094
"walls",-2072,-159,1095
"walls",-2071,-159,1096
"walls",-2066,-159,1097
"walls",-2065,-159,1098
"walls",-2078,-160,1099
"walls",-2073,-160,1100
"walls",-2072,-160,1101
"walls",-2071,-160,1102
"walls",-2070,-160,1103
"walls",-2069,-160,1104
"walls",-2068,-160,1105
"walls",-2067,-160,1106
"walls",-2066,-160,1107
"walls",-2065,-160,1108
"walls",-2078,-161,1109
"doors",-2073,-161,1110
"walls",-2066,-161,1111
"walls",-2065,-161,1112
"walls",-2078,-162,1113
"walls",-2073,-162,1114
"walls",-2072,-162,1115
"walls",-2071,-162,1116
"walls",-2070,-162,1117
"walls",-2069,-162,1118
"walls",-2066,-162,1119
"walls",-2065,-162,1120
"walls",-2078,-163,1121
"walls",-2073,-163,1122
"green victims",-2072,-163,1123
"doors",-2069,-163,1124
"walls",-2066,-163,1125
"walls",-2065,-163,1126
"walls",-2078,-164,1127
"walls",-2073,-164,1128
"walls",-2069,-164,1129
"walls",-2066,-164,1130
"walls",-2065,-164,1131
"walls",-2078,-165,1132
"walls",-2073,-165,1133
"walls",-2072,-165,1134
"walls",-2071,-165,1135
"walls",-2070,-165,1136
"walls",-2069,-165,1137
"walls",-2066,-165,1138
"walls",-2065,-165,1139
"walls",-2078,-166,1140
"walls",-2073,-166,1141
"walls",-2072,-166,1142
"walls",-2071,-166,1143
"walls",-2070,-166,1144
"walls",-2069,-166,1145
"walls",-2066,-166,1146
"walls",-2065,-166,1147
"walls",-2078,-167,1148
"walls",-2073,-167,1149
"green victims",-2072,-167,1150
"doors",-2069,-167,1151
"walls",-2066,-167,1152
"walls",-2065,-167,1153
"walls",-2078,-168,1154
"walls",-2073,-168,1155
"walls",-2069,-168,1156
"walls",-2066,-168,1157
"walls",-2065,-168,1158
"walls",-2078,-169,1159
"walls",-2073,-169,1160
"walls",-2072,-169,1161
"walls",-2071,-169,1162
"walls",-2070,-169,1163
"walls",-2069,-169,1164
"walls",-2068,-169,1165
"walls",-2067,-169,1166
"walls",-2066,-169,1167
"walls",-2065,-169,1168
"walls",-2078,-170,1169
"doors",-2073,-170,1170
"walls",-2066,-170,1171
"walls",-2065,-170,1172
"walls",-2078,-171,1173
"walls",-2073,-171,1174
"walls",-2072,-171,1175
"walls",-2071,-171,1176
"walls",-2070,-171,1177
"walls",-2069,-171,1178
"walls",-2066,-171,1179
"walls",-2065,-171,1180
"walls",-2078,-172,1181
"walls",-2073,-172,1182
"doors",-2069,-172,1183
"walls",-2066,-172,1184
"walls",-2065,-172,1185
"walls",-2078,-173,1186
"walls",-2073,-173,1187
"walls",-2069,-173,1188
"walls",-2066,-173,1189
"walls",-2065,-173,1190
"walls",-2078,-174,1191
"walls",-2073,-174,1192
"walls",-2072,-174,1193
"walls",-2071,-174,1194
"walls",-2070,-174,1195
"walls",-2069,-174,1196
"walls",-2066,-174,1197
"walls",-2065,-174,1198
"walls",-2078,-175,1199
"walls",-2073,-175,1200
"walls",-2072,-175,1201
"walls",-2071,-175,1202
"walls",-2070,-175,1203
"walls",-2069,-175,1204
"walls",-2066,-175,1205
"walls",-2065,-175,1206
"walls",-2073,-160,1207
"walls",-2072,-160,1208
"walls",-2071,-160,1209
"walls",-2070,-160,1210
"walls",-2069,-160,1211
"walls",-2068,-160,1212
"walls",-2067,-160,1213
"walls",-2066,-160,1214
"walls",-2065,-160,1215
"doors",-2073,-161,1216
"walls",-2066,-161,1217
"walls",-2065,-161,1218
"walls",-2073,-162,1219
"walls",-2072,-162,1220
"walls",-2071,-162,1221
"walls",-2070,-162,1222
"walls",-2069,-162,1223
"walls",-2066,-162,1224
"walls",-2065,-162,1225
"walls",-2073,-163,1226
"doors",-2069,-163,1227
"walls",-2066,-163,1228
"walls",-2065,-163,1229
"walls",-2073,-164,1230
"walls",-2069,-164,1231
"walls",-2066,-164,1232
"walls",-2065,-164,1233
"walls",-2073,-165,1234
"walls",-2072,-165,1235
"walls",-2071,-165,1236
"walls",-2070,-165,1237
"walls",-2069,-165,1238
"walls",-2066,-165,1239
"walls",-2065,-165,1240
"walls",-2073,-166,1241
"walls",-2072,-166,1242
"walls",-2071,-166,1243
"walls",-2070,-166,1244
"walls",-2069,-166,1245
"walls",-2066,-166,1246
"walls",-2065,-166,1247
"walls",-2073,-167,1248
"doors",-2069,-167,1249
"walls",-2066,-167,1250
"walls",-2065,-167,1251
"walls",-2073,-168,1252
"walls",-2069,-168,1253
"walls",-2066,-168,1254
"walls",-2065,-168,1255
"walls",-2073,-169,1256
"walls",-2072,-169,1257
"walls",-2071,-169,1258
"walls",-2070,-169,1259
"walls",-2069,-169,1260
"walls",-2068,-169,1261
"walls",-2067,-169,1262
"walls",-2066,-169,1263
"walls",-2065,-169,1264
"doors",-2073,-170,1265
"walls",-2066,-170,1266
"walls",-2065,-170,1267
"walls",-2073,-171,1268
"walls",-2072,-171,1269
"walls",-2071,-171,1270
"walls",-2070,-171,1271
"walls",-2069,-171,1272
"walls",-2066,-171,1273
"walls",-2065,-171,1274
"walls",-2073,-172,1275
"doors",-2069,-172,1276
"walls",-2066,-172,1277
"walls",-2065,-172,1278
"walls",-2073,-173,1279
"walls",-2069,-173,1280
"walls",-2066,-173,1281
"walls",-2065,-173,1282
"walls",-2073,-174,1283
"walls",-2072,-174,1284
"walls",-2071,-174,1285
"walls",-2070,-174,1286
"walls",-2069,-174,1287
"walls",-2066,-174,1288
"walls",-2065,-174,1289
"walls",-2073,-175,1290
"walls",-2072,-175,1291
"walls",-2071,-175,1292
"walls",-2070,-175,1293
"walls",-2069,-175,1294
"walls",-2066,-175,1295
"walls",-2065,-175,1296
"walls",-2073,-160,1297
"walls",-2072,-160,1298
"walls",-2071,-160,1299
"walls",-2070,-160,1300
"walls",-2069,-160,1301
"walls",-2068,-160,1302
"walls",-2067,-160,1303
"walls",-2066,-160,1304
"walls",-2065,-160,1305
"doors",-2073,-161,1306
"walls",-2066,-161,1307
"walls",-2065,-161,1308
"walls",-2073,-162,1309
"walls",-2072,-162,1310
"walls",-2071,-162,1311
"walls",-2070,-162,1312
"walls",-2069,-162,1313
"walls",-2066,-162,1314
"walls",-2065,-162,1315
"walls",-2073,-163,1316
"doors",-2069,-163,1317
"walls",-2066,-163,1318
"walls",-2065,-163,1319
"walls",-2073,-164,1320
"walls",-2069,-164,1321
"walls",-2066,-164,1322
"walls",-2065,-164,1323
"walls",-2073,-165,1324
"walls",-2072,-165,1325
"walls",-2071,-165,1326
"walls",-2070,-165,1327
"walls",-2069,-165,1328
"walls",-2066,-165,1329
"walls",-2065,-165,1330
"walls",-2073,-166,1331
"walls",-2072,-166,1332
"walls",-2071,-166,1333
"walls",-2070,-166,1334
"walls",-2069,-166,1335
"walls",-2066,-166,1336
"walls",-2065,-166,1337
"walls",-2073,-167,1338
"doors",-2069,-167,1339
"walls",-2066,-167,1340
"walls",-2065,-167,1341
"walls",-2073,-168,1342
"walls",-2069,-168,1343
"walls",-2066,-168,1344
"walls",-2065,-168,1345
"walls",-2073,-169,1346
"walls",-2072,-169,1347
"walls",-2071,-169,1348
"walls",-2070,-169,1349
"walls",-2069,-169,1350
"walls",-2068,-169,1351
"walls",-2067,-169,1352
"walls",-2066,-169,1353
"walls",-2065,-169,1354
"doors",-2073,-170,1355
"walls",-2066,-170,1356
"walls",-2065,-170,1357
"walls",-2073,-171,1358
"walls",-2072,-171,1359
"walls",-2071,-171,1360
"walls",-2070,-171,1361
"walls",-2069,-171,1362
"walls",-2066,-171,1363
"walls",-2065,-171,1364
"walls",-2073,-172,1365
"walls",-2066,-172,1366
"walls",-2065,-172,1367
"walls",-2073,-173,1368
"walls",-2066,-173,1369
"walls",-2065,-173,1370
"walls",-2073,-174,1371
"walls",-2072,-174,1372
"walls",-2071,-174,1373
"walls",-2070,-174,1374
"walls",-2066,-174,1375
"walls",-2065,-174,1376
"walls",-2073,-175,1377
"walls",-2072,-175,1378
"walls",-2071,-175,1379
"walls",-2070,-175,1380
"walls",-2066,-175,1381
"walls",-2065,-175,1382
"walls",-2078,-176,1383
"walls",-2073,-176,1384
"yellow victims",-2072,-176,1385
"doors",-2069,-176,1386
"walls",-2066,-176,1387
"walls",-2065,-176,1388
"walls",-2078,-177,1389
"walls",-2073,-177,1390
"walls",-2069,-177,1391
"walls",-2066,-177,1392
"walls",-2065,-177,1393
"walls",-2080,-178,1394
"walls",-2079,-178,1395
"walls",-2078,-178,1396
"walls",-2073,-178,1397
"walls",-2072,-178,1398
"walls",-2071,-178,1399
"walls",-2070,-178,1400
"walls",-2069,-178,1401
"walls",-2068,-178,1402
"walls",-2067,-178,1403
"walls",-2066,-178,1404
"walls",-2065,-178,1405
"walls",-2080,-183,1406
"walls",-2079,-183,1407
"walls",-2078,-183,1408
"walls",-2077,-183,1409
"walls",-2076,-183,1410
"walls",-2075,-183,1411
"walls",-2074,-183,1412
"walls",-2073,-183,1413
"doors",-2072,-183,1414
"walls",-2071,-183,1415
"walls",-2070,-183,1416
"walls",-2069,-183,1417
"walls",-2068,-183,1418
"walls",-2067,-183,1419
"walls",-2066,-183,1420
"walls",-2065,-183,1421
"walls",-2079,-184,1422
"walls",-2077,-184,1423
"walls",-2073,-184,1424
"walls",-2070,-184,1425
"walls",-2068,-184,1426
"walls",-2079,-185,1427
"walls",-2078,-185,1428
"walls",-2073,-185,1429
"walls",-2070,-185,1430
"walls",-2069,-185,1431
"green victims",-2066,-185,1432
"walls",-2079,-186,1433
"walls",-2073,-186,1434
"walls",-2070,-186,1435
"walls",-2079,-187,1436
"stairs",-2076,-187,1437
"stairs",-2075,-187,1438
"stairs",-2074,-187,1439
"walls",-2073,-187,1440
"walls",-2070,-187,1441
"stairs",-2067,-187,1442
"stairs",-2066,-187,1443
"stairs",-2065,-187,1444
"walls",-2079,-188,1445
"walls",-2073,-188,1446
"walls",-2070,-188,1447
"stairs",-2076,-189,1448
"stairs",-2075,-189,1449
"stairs",-2074,-189,1450
"walls",-2073,-189,1451
"stairs",-2067,-189,1452
"stairs",-2066,-189,1453
"stairs",-2065,-189,1454
"walls",-2073,-190,1455
"green victims",-2068,-190,1456
"green victims",-2066,-190,1457
"walls",-2073,-191,1458
"walls",-2073,-176,1459
"doors",-2069,-176,1460
"walls",-2066,-176,1461
"walls",-2065,-176,1462
"walls",-2073,-177,1463
"walls",-2069,-177,1464
"walls",-2066,-177,1465
"walls",-2065,-177,1466
"walls",-2073,-178,1467
"walls",-2072,-178,1468
"walls",-2071,-178,1469
"walls",-2070,-178,1470
"walls",-2069,-178,1471
"walls",-2068,-178,1472
"walls",-2067,-178,1473
"walls",-2066,-178,1474
"walls",-2065,-178,1475
"walls",-2080,-183,1476
"walls",-2079,-183,1477
"walls",-2078,-183,1478
"walls",-2077,-183,1479
"walls",-2076,-183,1480
"walls",-2075,-183,1481
"walls",-2074,-183,1482
"walls",-2073,-183,1483
"doors",-2072,-183,1484
"walls",-2071,-183,1485
"walls",-2070,-183,1486
"walls",-2069,-183,1487
"walls",-2068,-183,1488
"walls",-2067,-183,1489
"walls",-2066,-183,1490
"walls",-2065,-183,1491
"walls",-2079,-184,1492
"walls",-2077,-184,1493
"walls",-2073,-184,1494
"walls",-2070,-184,1495
"walls",-2068,-184,1496
"walls",-2079,-185,1497
"walls",-2078,-185,1498
"walls",-2073,-185,1499
"walls",-2070,-185,1500
"walls",-2069,-185,1501
"walls",-2079,-186,1502
"walls",-2073,-186,1503
"walls",-2070,-186,1504
"walls",-2079,-187,1505
"walls",-2073,-187,1506
"walls",-2070,-187,1507
"walls",-2079,-188,1508
"walls",-2073,-188,1509
"walls",-2070,-188,1510
"walls",-2073,-189,1511
"walls",-2073,-190,1512
"walls",-2073,-191,1513
"walls",-2073,-176,1514
"walls",-2066,-176,1515
"walls",-2065,-176,1516
"walls",-2073,-177,1517
"walls",-2066,-177,1518
"walls",-2065,-177,1519
"walls",-2073,-178,1520
"walls",-2072,-178,1521
"walls",-2071,-178,1522
"walls",-2070,-178,1523
"walls",-2069,-178,1524
"walls",-2068,-178,1525
"walls",-2067,-178,1526
"walls",-2066,-178,1527
"walls",-2065,-178,1528
"walls",-2080,-183,1529
"walls",-2079,-183,1530
"walls",-2078,-183,1531
"walls",-2077,-183,1532
"walls",-2076,-183,1533
"walls",-2075,-183,1534
"walls",-2074,-183,1535
"walls",-2073,-183,1536
"doors",-2072,-183,1537
"walls",-2071,-183,1538
"walls",-2070,-183,1539
"walls",-2069,-183,1540
"walls",-2068,-183,1541
"walls",-2067,-183,1542
"walls",-2066,-183,1543
"walls",-2065,-183,1544
"walls",-2079,-184,1545
"walls",-2078,-184,1546
"walls",-2077,-184,1547
"walls",-2073,-184,1548
"walls",-2070,-184,1549
"walls",-2069,-184,1550
"walls",-2068,-184,1551
"walls",-2079,-185,1552
"walls",-2078,-185,1553
"walls",-2073,-185,1554
"walls",-2070,-185,1555
"walls",-2069,-185,1556
"walls",-2079,-186,1557
"walls",-2073,-186,1558
"walls",-2070,-186,1559
"walls",-2079,-187,1560
"walls",-2073,-187,1561
"walls",-2070,-187,1562
"walls",-2079,-188,1563
"walls",-2073,-188,1564
"walls",-2070,-188,1565
"walls",-2073,-189,1566
"walls",-2073,-190,1567
"walls",-2073,-191,1568
"walls",-2080,-192,1569
"walls",-2079,-192,1570
"walls",-2078,-192,1571
"walls",-2077,-192,1572
"walls",-2076,-192,1573
"walls",-2075,-192,1574
"walls",-2074,-192,1575
"walls",-2073,-192,1576
"walls",-2072,-192,1577
"walls",-2071,-192,1578
"walls",-2070,-192,1579
"walls",-2069,-192,1580
"walls",-2068,-192,1581
"walls",-2067,-192,1582
"walls",-2066,-192,1583
"walls",-2065,-192,1584
"walls",-2073,-192,1585
"walls",-2073,-192,1586
"walls",-2064,-143,1587
"walls",-2063,-143,1588
"walls",-2062,-143,1589
"walls",-2061,-143,1590
"walls",-2060,-143,1591
"walls",-2059,-143,1592
"walls",-2058,-143,1593
"walls",-2057,-143,1594
"walls",-2056,-143,1595
"walls",-2055,-143,1596
"walls",-2054,-143,1597
"walls",-2053,-143,1598
"walls",-2052,-143,1599
"walls",-2051,-143,1600
"walls",-2050,-143,1601
"walls",-2049,-143,1602
"walls",-2059,-143,1603
"walls",-2059,-143,1604
"stairs",-2062,-144,1605
"yellow victims",-2061,-144,1606
"walls",-2059,-144,1607
"stairs",-2049,-144,1608
"stairs",-2062,-145,1609
"walls",-2059,-145,1610
"stairs",-2049,-145,1611
"stairs",-2062,-146,1612
"walls",-2059,-146,1613
"stairs",-2049,-146,1614
"walls",-2059,-147,1615
"walls",-2056,-147,1616
"walls",-2059,-148,1617
"walls",-2056,-148,1618
"walls",-2059,-149,1619
"walls",-2056,-149,1620
"walls",-2055,-149,1621
"walls",-2059,-150,1622
"walls",-2056,-150,1623
"walls",-2054,-150,1624
"walls",-2064,-151,1625
"walls",-2063,-151,1626
"walls",-2062,-151,1627
"walls",-2061,-151,1628
"walls",-2060,-151,1629
"walls",-2059,-151,1630
"doors",-2058,-151,1631
"walls",-2056,-151,1632
"walls",-2055,-151,1633
"walls",-2054,-151,1634
"walls",-2053,-151,1635
"walls",-2052,-151,1636
"walls",-2051,-151,1637
"walls",-2050,-151,1638
"walls",-2049,-151,1639
"walls",-2064,-156,1640
"walls",-2063,-156,1641
"walls",-2062,-156,1642
"walls",-2061,-156,1643
"walls",-2060,-156,1644
"walls",-2059,-156,1645
"walls",-2058,-156,1646
"walls",-2057,-156,1647
"walls",-2056,-156,1648
"walls",-2051,-156,1649
"walls",-2050,-156,1650
"walls",-2049,-156,1651
"walls",-2058,-157,1652
"walls",-2056,-157,1653
"walls",-2051,-157,1654
"walls",-2049,-157,1655
"walls",-2057,-158,1656
"walls",-2056,-158,1657
"walls",-2051,-158,1658
"walls",-2050,-158,1659
"stairs",-2061,-159,1660
"stairs",-2060,-159,1661
"walls",-2056,-159,1662
"walls",-2051,-159,1663
"walls",-2059,-144,1664
"walls",-2059,-145,1665
"walls",-2059,-146,1666
"walls",-2059,-147,1667
"walls",-2056,-147,1668
"walls",-2059,-148,1669
"walls",-2056,-148,1670
"walls",-2059,-149,1671
"walls",-2056,-149,1672
"walls",-2055,-149,1673
"walls",-2059,-150,1674
"walls",-2056,-150,1675
"walls",-2054,-150,1676
"walls",-2064,-151,1677
"walls",-2063,-151,1678
"walls",-2062,-151,1679
"walls",-2061,-151,1680
"walls",-2060,-151,1681
"walls",-2059,-151,1682
"doors",-2058,-151,1683
"walls",-2056,-151,1684
"walls",-2055,-151,1685
"walls",-2054,-151,1686
"walls",-2053,-151,1687
"walls",-2052,-151,1688
"walls",-2051,-151,1689
"walls",-2050,-151,1690
"walls",-2049,-151,1691
"walls",-2064,-156,1692
"walls",-2063,-156,1693
"walls",-2062,-156,1694
"walls",-2061,-156,1695
"walls",-2060,-156,1696
"walls",-2059,-156,1697
"walls",-2058,-156,1698
"walls",-2057,-156,1699
"walls",-2056,-156,1700
"walls",-2051,-156,1701
"walls",-2058,-157,1702
"walls",-2056,-157,1703
"walls",-2051,-157,1704
"walls",-2049,-157,1705
"walls",-2057,-158,1706
"walls",-2056,-158,1707
"walls",-2050,-158,1708
"walls",-2056,-159,1709
"walls",-2059,-144,1710
"walls",-2059,-145,1711
"walls",-2059,-146,1712
"walls",-2059,-147,1713
"walls",-2056,-147,1714
"walls",-2059,-148,1715
"walls",-2056,-148,1716
"walls",-2059,-149,1717
"walls",-2056,-149,1718
"walls",-2055,-149,1719
"walls",-2059,-150,1720
"walls",-2056,-150,1721
"walls",-2055,-150,1722
"walls",-2054,-150,1723
"walls",-2064,-151,1724
"walls",-2063,-151,1725
"walls",-2062,-151,1726
"walls",-2061,-151,1727
"walls",-2060,-151,1728
"walls",-2059,-151,1729
"doors",-2058,-151,1730
"walls",-2057,-151,1731
"walls",-2056,-151,1732
"walls",-2055,-151,1733
"walls",-2054,-151,1734
"walls",-2053,-151,1735
"walls",-2052,-151,1736
"walls",-2051,-151,1737
"walls",-2050,-151,1738
"walls",-2049,-151,1739
"walls",-2064,-156,1740
"walls",-2063,-156,1741
"walls",-2062,-156,1742
"walls",-2061,-156,1743
"walls",-2060,-156,1744
"walls",-2059,-156,1745
"walls",-2058,-156,1746
"walls",-2057,-156,1747
"walls",-2056,-156,1748
"walls",-2051,-156,1749
"walls",-2058,-157,1750
"walls",-2057,-157,1751
"walls",-2056,-157,1752
"walls",-2051,-157,1753
"walls",-2050,-157,1754
"walls",-2049,-157,1755
"walls",-2057,-158,1756
"walls",-2056,-158,1757
"walls",-2050,-158,1758
"walls",-2056,-159,1759
"green victims",-2063,-160,1760
"stairs",-2062,-160,1761
"stairs",-2059,-160,1762
"green victims",-2058,-160,1763
"walls",-2056,-160,1764
"walls",-2051,-160,1765
"stairs",-2062,-161,1766
"stairs",-2059,-161,1767
"walls",-2056,-161,1768
"walls",-2051,-161,1769
"stairs",-2062,-162,1770
"stairs",-2059,-162,1771
"walls",-2056,-162,1772
"walls",-2051,-162,1773
"stairs",-2049,-162,1774
"stairs",-2062,-163,1775
"stairs",-2059,-163,1776
"walls",-2056,-163,1777
"walls",-2051,-163,1778
"green victims",-2049,-163,1779
"walls",-2056,-164,1780
"walls",-2051,-164,1781
"stairs",-2049,-164,1782
"doors",-2056,-165,1783
"walls",-2051,-165,1784
"doors",-2056,-166,1785
"walls",-2051,-166,1786
"stairs",-2049,-166,1787
"walls",-2064,-167,1788
"walls",-2063,-167,1789
"walls",-2062,-167,1790
"walls",-2061,-167,1791
"walls",-2060,-167,1792
"walls",-2059,-167,1793
"walls",-2058,-167,1794
"walls",-2057,-167,1795
"walls",-2056,-167,1796
"walls",-2051,-167,1797
"doors",-2056,-168,1798
"walls",-2051,-168,1799
"stairs",-2049,-168,1800
"doors",-2056,-169,1801
"walls",-2051,-169,1802
"green victims",-2049,-169,1803
"walls",-2056,-170,1804
"walls",-2051,-170,1805
"stairs",-2049,-170,1806
"stairs",-2062,-171,1807
"stairs",-2059,-171,1808
"walls",-2056,-171,1809
"walls",-2051,-171,1810
"stairs",-2062,-172,1811
"stairs",-2059,-172,1812
"walls",-2056,-172,1813
"walls",-2051,-172,1814
"stairs",-2049,-172,1815
"stairs",-2062,-173,1816
"stairs",-2059,-173,1817
"walls",-2056,-173,1818
"walls",-2051,-173,1819
"stairs",-2062,-174,1820
"stairs",-2059,-174,1821
"walls",-2056,-174,1822
"walls",-2051,-174,1823
"stairs",-2061,-175,1824
"stairs",-2060,-175,1825
"walls",-2056,-175,1826
"doors",-2051,-175,1827
"walls",-2056,-160,1828
"walls",-2056,-161,1829
"walls",-2056,-162,1830
"walls",-2056,-163,1831
"walls",-2056,-164,1832
"doors",-2056,-165,1833
"doors",-2056,-166,1834
"walls",-2064,-167,1835
"walls",-2063,-167,1836
"walls",-2062,-167,1837
"walls",-2061,-167,1838
"walls",-2060,-167,1839
"walls",-2059,-167,1840
"walls",-2058,-167,1841
"walls",-2057,-167,1842
"walls",-2056,-167,1843
"doors",-2056,-168,1844
"doors",-2056,-169,1845
"walls",-2056,-170,1846
"walls",-2056,-171,1847
"walls",-2056,-172,1848
"walls",-2056,-173,1849
"walls",-2056,-174,1850
"walls",-2051,-174,1851
"walls",-2056,-175,1852
"doors",-2051,-175,1853
"walls",-2056,-160,1854
"walls",-2056,-161,1855
"walls",-2056,-162,1856
"walls",-2056,-163,1857
"walls",-2056,-164,1858
"doors",-2056,-165,1859
"doors",-2056,-166,1860
"walls",-2064,-167,1861
"walls",-2063,-167,1862
"walls",-2062,-167,1863
"walls",-2061,-167,1864
"walls",-2060,-167,1865
"walls",-2059,-167,1866
"walls",-2058,-167,1867
"walls",-2057,-167,1868
"walls",-2056,-167,1869
"doors",-2056,-168,1870
"doors",-2056,-169,1871
"walls",-2056,-170,1872
"walls",-2056,-171,1873
"walls",-2056,-172,1874
"walls",-2056,-173,1875
"walls",-2056,-174,1876
"walls",-2051,-174,1877
"walls",-2056,-175,1878
"doors",-2051,-175,1879
"walls",-2057,-176,1880
"walls",-2056,-176,1881
"doors",-2051,-176,1882
"walls",-2058,-177,1883
"walls",-2056,-177,1884
"walls",-2051,-177,1885
"walls",-2064,-178,1886
"walls",-2063,-178,1887
"walls",-2062,-178,1888
"walls",-2061,-178,1889
"walls",-2060,-178,1890
"walls",-2059,-178,1891
"walls",-2058,-178,1892
"walls",-2057,-178,1893
"walls",-2056,-178,1894
"walls",-2051,-178,1895
"walls",-2050,-178,1896
"walls",-2049,-178,1897
"walls",-2064,-183,1898
"doors",-2063,-183,1899
"walls",-2062,-183,1900
"walls",-2061,-183,1901
"walls",-2060,-183,1902
"walls",-2059,-183,1903
"walls",-2058,-183,1904
"walls",-2057,-183,1905
"walls",-2056,-183,1906
"walls",-2055,-183,1907
"doors",-2054,-183,1908
"walls",-2053,-183,1909
"walls",-2052,-183,1910
"walls",-2051,-183,1911
"walls",-2050,-183,1912
"walls",-2049,-183,1913
"walls",-2064,-184,1914
"walls",-2061,-184,1915
"walls",-2059,-184,1916
"walls",-2055,-184,1917
"walls",-2052,-184,1918
"walls",-2050,-184,1919
"walls",-2064,-185,1920
"walls",-2061,-185,1921
"walls",-2060,-185,1922
"walls",-2055,-185,1923
"walls",-2052,-185,1924
"walls",-2051,-185,1925
"walls",-2064,-186,1926
"walls",-2061,-186,1927
"walls",-2055,-186,1928
"walls",-2052,-186,1929
"walls",-2064,-187,1930
"walls",-2061,-187,1931
"stairs",-2058,-187,1932
"stairs",-2057,-187,1933
"stairs",-2056,-187,1934
"walls",-2055,-187,1935
"walls",-2052,-187,1936
"stairs",-2049,-187,1937
"walls",-2064,-188,1938
"walls",-2061,-188,1939
"walls",-2055,-188,1940
"walls",-2052,-188,1941
"walls",-2064,-189,1942
"stairs",-2058,-189,1943
"stairs",-2057,-189,1944
"stairs",-2056,-189,1945
"walls",-2055,-189,1946
"stairs",-2049,-189,1947
"walls",-2064,-190,1948
"walls",-2055,-190,1949
"walls",-2064,-191,1950
"walls",-2055,-191,1951
"walls",-2057,-176,1952
"walls",-2056,-176,1953
"doors",-2051,-176,1954
"walls",-2058,-177,1955
"walls",-2056,-177,1956
"walls",-2051,-177,1957
"walls",-2064,-178,1958
"walls",-2063,-178,1959
"walls",-2062,-178,1960
"walls",-2061,-178,1961
"walls",-2060,-178,1962
"walls",-2059,-178,1963
"walls",-2058,-178,1964
"walls",-2057,-178,1965
"walls",-2056,-178,1966
"walls",-2051,-178,1967
"walls",-2050,-178,1968
"walls",-2049,-178,1969
"walls",-2064,-183,1970
"doors",-2063,-183,1971
"walls",-2062,-183,1972
"walls",-2061,-183,1973
"walls",-2060,-183,1974
"walls",-2059,-183,1975
"walls",-2058,-183,1976
"walls",-2057,-183,1977
"walls",-2056,-183,1978
"walls",-2055,-183,1979
"doors",-2054,-183,1980
"walls",-2053,-183,1981
"walls",-2052,-183,1982
"walls",-2051,-183,1983
"walls",-2050,-183,1984
"walls",-2049,-183,1985
"walls",-2064,-184,1986
"walls",-2061,-184,1987
"walls",-2059,-184,1988
"walls",-2055,-184,1989
"walls",-2052,-184,1990
"walls",-2050,-184,1991
"walls",-2064,-185,1992
"walls",-2061,-185,1993
"walls",-2060,-185,1994
"walls",-2055,-185,1995
"walls",-2052,-185,1996
"walls",-2051,-185,1997
"walls",-2064,-186,1998
"walls",-2061,-186,1999
"walls",-2055,-186,2000
"walls",-2052,-186,2001
"walls",-2064,-187,2002
"walls",-2061,-187,2003
"walls",-2055,-187,2004
"walls",-2052,-187,2005
"walls",-2064,-188,2006
"walls",-2061,-188,2007
"walls",-2055,-188,2008
"walls",-2052,-188,2009
"walls",-2064,-189,2010
"walls",-2055,-189,2011
"walls",-2064,-190,2012
"walls",-2055,-190,2013
"walls",-2064,-191,2014
"walls",-2055,-191,2015
"walls",-2057,-176,2016
"walls",-2056,-176,2017
"doors",-2051,-176,2018
"walls",-2058,-177,2019
"walls",-2057,-177,2020
"walls",-2056,-177,2021
"walls",-2051,-177,2022
"walls",-2064,-178,2023
"walls",-2063,-178,2024
"walls",-2062,-178,2025
"walls",-2061,-178,2026
"walls",-2060,-178,2027
"walls",-2059,-178,2028
"walls",-2058,-178,2029
"walls",-2057,-178,2030
"walls",-2056,-178,2031
"walls",-2051,-178,2032
"walls",-2050,-178,2033
"walls",-2049,-178,2034
"walls",-2064,-183,2035
"doors",-2063,-183,2036
"walls",-2062,-183,2037
"walls",-2061,-183,2038
"walls",-2060,-183,2039
"walls",-2059,-183,2040
"walls",-2058,-183,2041
"walls",-2057,-183,2042
"walls",-2056,-183,2043
"walls",-2055,-183,2044
"doors",-2054,-183,2045
"walls",-2053,-183,2046
"walls",-2052,-183,2047
"walls",-2051,-183,2048
"walls",-2050,-183,2049
"walls",-2049,-183,2050
"walls",-2064,-184,2051
"walls",-2061,-184,2052
"walls",-2060,-184,2053
"walls",-2059,-184,2054
"walls",-2055,-184,2055
"walls",-2052,-184,2056
"walls",-2051,-184,2057
"walls",-2050,-184,2058
"walls",-2064,-185,2059
"walls",-2061,-185,2060
"walls",-2060,-185,2061
"walls",-2055,-185,2062
"walls",-2052,-185,2063
"walls",-2051,-185,2064
"walls",-2064,-186,2065
"walls",-2061,-186,2066
"walls",-2055,-186,2067
"walls",-2052,-186,2068
"walls",-2064,-187,2069
"walls",-2061,-187,2070
"walls",-2055,-187,2071
"walls",-2052,-187,2072
"walls",-2064,-188,2073
"walls",-2061,-188,2074
"walls",-2055,-188,2075
"walls",-2052,-188,2076
"walls",-2064,-189,2077
"walls",-2055,-189,2078
"walls",-2064,-190,2079
"walls",-2055,-190,2080
"walls",-2064,-191,2081
"walls",-2055,-191,2082
"walls",-2064,-192,2083
"walls",-2063,-192,2084
"walls",-2062,-192,2085
"walls",-2061,-192,2086
"walls",-2060,-192,2087
"walls",-2059,-192,2088
"walls",-2058,-192,2089
"walls",-2057,-192,2090
"walls",-2056,-192,2091
"walls",-2055,-192,2092
"walls",-2054,-192,2093
"walls",-2053,-192,2094
"walls",-2052,-192,2095
"walls",-2051,-192,2096
"walls",-2050,-192,2097
"walls",-2049,-192,2098
"walls",-2064,-192,2099
"walls",-2055,-192,2100
"walls",-2064,-192,2101
"walls",-2055,-192,2102
"walls",-2048,-143,2103
"walls",-2047,-143,2104
"walls",-2046,-143,2105
"walls",-2045,-143,2106
"walls",-2044,-143,2107
"walls",-2043,-143,2108
"walls",-2042,-143,2109
"walls",-2041,-143,2110
"walls",-2040,-143,2111
"walls",-2039,-143,2112
"walls",-2038,-143,2113
"walls",-2037,-143,2114
"walls",-2036,-143,2115
"walls",-2035,-143,2116
"walls",-2034,-143,2117
"walls",-2033,-143,2118
"walls",-2044,-143,2119
"walls",-2044,-143,2120
"stairs",-2047,-144,2121
"walls",-2044,-144,2122
"stairs",-2047,-145,2123
"walls",-2044,-145,2124
"stairs",-2047,-146,2125
"walls",-2044,-146,2126
"walls",-2044,-147,2127
"walls",-2040,-147,2128
"stairs",-2039,-147,2129
"stairs",-2038,-147,2130
"stairs",-2037,-147,2131
"walls",-2044,-148,2132
"walls",-2040,-148,2133
"walls",-2044,-149,2134
"walls",-2040,-149,2135
"walls",-2039,-149,2136
"green victims",-2036,-149,2137
"walls",-2044,-150,2138
"walls",-2040,-150,2139
"walls",-2038,-150,2140
"walls",-2048,-151,2141
"walls",-2047,-151,2142
"walls",-2046,-151,2143
"walls",-2045,-151,2144
"walls",-2044,-151,2145
"doors",-2043,-151,2146
"doors",-2042,-151,2147
"walls",-2040,-151,2148
"walls",-2039,-151,2149
"walls",-2038,-151,2150
"walls",-2037,-151,2151
"walls",-2037,-152,2152
"stairs",-2034,-152,2153
"stairs",-2033,-152,2154
"walls",-2037,-153,2155
"walls",-2037,-154,2156
"stairs",-2034,-154,2157
"stairs",-2033,-154,2158
"walls",-2037,-155,2159
"walls",-2048,-156,2160
"walls",-2047,-156,2161
"walls",-2046,-156,2162
"walls",-2045,-156,2163
"walls",-2044,-156,2164
"walls",-2043,-156,2165
"walls",-2042,-156,2166
"walls",-2037,-156,2167
"walls",-2042,-157,2168
"walls",-2037,-157,2169
"doors",-2042,-158,2170
"walls",-2037,-158,2171
"doors",-2042,-159,2172
"walls",-2037,-159,2173
"walls",-2036,-159,2174
"walls",-2035,-159,2175
"walls",-2034,-159,2176
"walls",-2033,-159,2177
"walls",-2044,-144,2178
"walls",-2044,-145,2179
"walls",-2044,-146,2180
"walls",-2044,-147,2181
"walls",-2040,-147,2182
"walls",-2044,-148,2183
"walls",-2040,-148,2184
"walls",-2044,-149,2185
"walls",-2040,-149,2186
"walls",-2039,-149,2187
"walls",-2044,-150,2188
"walls",-2040,-150,2189
"walls",-2038,-150,2190
"walls",-2048,-151,2191
"walls",-2047,-151,2192
"walls",-2046,-151,2193
"walls",-2045,-151,2194
"walls",-2044,-151,2195
"doors",-2043,-151,2196
"doors",-2042,-151,2197
"walls",-2040,-151,2198
"walls",-2039,-151,2199
"walls",-2038,-151,2200
"walls",-2037,-151,2201
"walls",-2037,-152,2202
"walls",-2037,-153,2203
"walls",-2037,-154,2204
"walls",-2037,-155,2205
"walls",-2042,-156,2206
"walls",-2037,-156,2207
"walls",-2042,-157,2208
"walls",-2037,-157,2209
"doors",-2042,-158,2210
"walls",-2037,-158,2211
"walls",-2034,-158,2212
"doors",-2042,-159,2213
"walls",-2037,-159,2214
"walls",-2036,-159,2215
"walls",-2035,-159,2216
"walls",-2034,-159,2217
"walls",-2033,-159,2218
"walls",-2044,-144,2219
"walls",-2044,-145,2220
"walls",-2044,-146,2221
"walls",-2044,-147,2222
"walls",-2040,-147,2223
"walls",-2044,-148,2224
"walls",-2040,-148,2225
"walls",-2044,-149,2226
"walls",-2040,-149,2227
"walls",-2039,-149,2228
"walls",-2044,-150,2229
"walls",-2040,-150,2230
"walls",-2039,-150,2231
"walls",-2038,-150,2232
"walls",-2048,-151,2233
"walls",-2047,-151,2234
"walls",-2046,-151,2235
"walls",-2045,-151,2236
"walls",-2044,-151,2237
"doors",-2043,-151,2238
"doors",-2042,-151,2239
"walls",-2041,-151,2240
"walls",-2040,-151,2241
"walls",-2039,-151,2242
"walls",-2038,-151,2243
"walls",-2037,-151,2244
"walls",-2037,-152,2245
"walls",-2037,-153,2246
"walls",-2037,-154,2247
"walls",-2037,-155,2248
"walls",-2042,-156,2249
"walls",-2037,-156,2250
"walls",-2042,-157,2251
"walls",-2037,-157,2252
"doors",-2042,-158,2253
"walls",-2037,-158,2254
"walls",-2034,-158,2255
"doors",-2042,-159,2256
"walls",-2037,-159,2257
"walls",-2036,-159,2258
"walls",-2035,-159,2259
"walls",-2034,-159,2260
"walls",-2033,-159,2261
"walls",-2042,-160,2262
"walls",-2037,-160,2263
"walls",-2036,-160,2264
"walls",-2035,-160,2265
"walls",-2034,-160,2266
"walls",-2033,-160,2267
"walls",-2042,-161,2268
"walls",-2037,-161,2269
"stairs",-2033,-161,2270
"stairs",-2048,-162,2271
"stairs",-2045,-162,2272
"stairs",-2044,-162,2273
"walls",-2042,-162,2274
"walls",-2037,-162,2275
"stairs",-2033,-162,2276
"stairs",-2048,-163,2277
"stairs",-2045,-163,2278
"green victims",-2044,-163,2279
"walls",-2042,-163,2280
"walls",-2037,-163,2281
"stairs",-2033,-163,2282
"stairs",-2048,-164,2283
"stairs",-2045,-164,2284
"stairs",-2044,-164,2285
"walls",-2042,-164,2286
"walls",-2037,-164,2287
"walls",-2036,-164,2288
"stairs",-2048,-165,2289
"stairs",-2045,-165,2290
"walls",-2042,-165,2291
"walls",-2037,-165,2292
"walls",-2035,-165,2293
"stairs",-2048,-166,2294
"stairs",-2045,-166,2295
"stairs",-2044,-166,2296
"walls",-2042,-166,2297
"walls",-2037,-166,2298
"walls",-2036,-166,2299
"walls",-2035,-166,2300
"walls",-2034,-166,2301
"walls",-2033,-166,2302
"stairs",-2048,-167,2303
"stairs",-2045,-167,2304
"walls",-2042,-167,2305
"walls",-2037,-167,2306
"stairs",-2048,-168,2307
"stairs",-2045,-168,2308
"stairs",-2044,-168,2309
"walls",-2042,-168,2310
"doors",-2037,-168,2311
"stairs",-2048,-169,2312
"stairs",-2045,-169,2313
"green victims",-2044,-169,2314
"walls",-2042,-169,2315
"walls",-2037,-169,2316
"walls",-2036,-169,2317
"walls",-2035,-169,2318
"walls",-2034,-169,2319
"walls",-2033,-169,2320
"stairs",-2048,-170,2321
"stairs",-2045,-170,2322
"stairs",-2044,-170,2323
"walls",-2042,-170,2324
"walls",-2037,-170,2325
"stairs",-2048,-171,2326
"stairs",-2045,-171,2327
"walls",-2042,-171,2328
"walls",-2037,-171,2329
"stairs",-2048,-172,2330
"stairs",-2045,-172,2331
"stairs",-2044,-172,2332
"walls",-2042,-172,2333
"walls",-2037,-172,2334
"walls",-2042,-173,2335
"walls",-2037,-173,2336
"walls",-2034,-173,2337
"walls",-2042,-174,2338
"walls",-2037,-174,2339
"walls",-2034,-174,2340
"walls",-2042,-175,2341
"walls",-2037,-175,2342
"walls",-2034,-175,2343
"walls",-2042,-160,2344
"walls",-2037,-160,2345
"walls",-2036,-160,2346
"walls",-2035,-160,2347
"walls",-2034,-160,2348
"walls",-2033,-160,2349
"walls",-2037,-161,2350
"walls",-2037,-162,2351
"walls",-2037,-163,2352
"walls",-2037,-164,2353
"walls",-2036,-164,2354
"walls",-2037,-165,2355
"walls",-2035,-165,2356
"walls",-2037,-166,2357
"walls",-2036,-166,2358
"walls",-2035,-166,2359
"walls",-2034,-166,2360
"walls",-2033,-166,2361
"walls",-2037,-167,2362
"doors",-2037,-168,2363
"walls",-2037,-169,2364
"walls",-2036,-169,2365
"walls",-2035,-169,2366
"walls",-2034,-169,2367
"walls",-2033,-169,2368
"walls",-2037,-170,2369
"walls",-2037,-171,2370
"walls",-2037,-172,2371
"walls",-2037,-173,2372
"walls",-2034,-173,2373
"walls",-2037,-174,2374
"walls",-2034,-174,2375
"walls",-2037,-175,2376
"walls",-2034,-175,2377
"walls",-2042,-160,2378
"walls",-2037,-160,2379
"walls",-2036,-160,2380
"walls",-2035,-160,2381
"walls",-2034,-160,2382
"walls",-2033,-160,2383
"walls",-2037,-161,2384
"walls",-2037,-162,2385
"walls",-2037,-163,2386
"walls",-2037,-164,2387
"walls",-2036,-164,2388
"walls",-2037,-165,2389
"walls",-2036,-165,2390
"walls",-2035,-165,2391
"walls",-2037,-166,2392
"walls",-2036,-166,2393
"walls",-2035,-166,2394
"walls",-2034,-166,2395
"walls",-2033,-166,2396
"walls",-2037,-167,2397
"doors",-2037,-168,2398
"walls",-2037,-169,2399
"walls",-2036,-169,2400
"walls",-2035,-169,2401
"walls",-2034,-169,2402
"walls",-2033,-169,2403
"walls",-2037,-170,2404
"walls",-2037,-171,2405
"walls",-2037,-172,2406
"walls",-2037,-173,2407
"walls",-2034,-173,2408
"walls",-2037,-174,2409
"walls",-2034,-174,2410
"walls",-2037,-175,2411
"walls",-2034,-175,2412
"walls",-2043,-176,2413
"walls",-2042,-176,2414
"walls",-2037,-176,2415
"walls",-2034,-176,2416
"walls",-2033,-176,2417
"walls",-2044,-177,2418
"walls",-2042,-177,2419
"walls",-2037,-177,2420
"walls",-2034,-177,2421
"walls",-2048,-178,2422
"walls",-2047,-178,2423
"walls",-2046,-178,2424
"walls",-2045,-178,2425
"walls",-2044,-178,2426
"walls",-2043,-178,2427
"walls",-2042,-178,2428
"walls",-2037,-178,2429
"doors",-2036,-178,2430
"walls",-2035,-178,2431
"walls",-2034,-178,2432
"walls",-2033,-178,2433
"walls",-2048,-183,2434
"walls",-2047,-183,2435
"walls",-2046,-183,2436
"doors",-2045,-183,2437
"walls",-2044,-183,2438
"walls",-2043,-183,2439
"walls",-2042,-183,2440
"walls",-2041,-183,2441
"walls",-2040,-183,2442
"walls",-2039,-183,2443
"walls",-2038,-183,2444
"walls",-2037,-183,2445
"doors",-2036,-183,2446
"walls",-2035,-183,2447
"walls",-2034,-183,2448
"walls",-2033,-183,2449
"walls",-2046,-184,2450
"walls",-2043,-184,2451
"walls",-2041,-184,2452
"walls",-2037,-184,2453
"walls",-2034,-184,2454
"walls",-2046,-185,2455
"walls",-2043,-185,2456
"walls",-2042,-185,2457
"walls",-2037,-185,2458
"walls",-2034,-185,2459
"walls",-2033,-185,2460
"green victims",-2047,-186,2461
"walls",-2046,-186,2462
"walls",-2043,-186,2463
"walls",-2037,-186,2464
"walls",-2034,-186,2465
"stairs",-2048,-187,2466
"stairs",-2047,-187,2467
"walls",-2046,-187,2468
"walls",-2043,-187,2469
"stairs",-2040,-187,2470
"stairs",-2039,-187,2471
"stairs",-2038,-187,2472
"walls",-2037,-187,2473
"walls",-2034,-187,2474
"walls",-2046,-188,2475
"walls",-2043,-188,2476
"walls",-2037,-188,2477
"walls",-2034,-188,2478
"stairs",-2048,-189,2479
"stairs",-2047,-189,2480
"walls",-2046,-189,2481
"stairs",-2040,-189,2482
"stairs",-2039,-189,2483
"stairs",-2038,-189,2484
"walls",-2037,-189,2485
"walls",-2046,-190,2486
"green victims",-2039,-190,2487
"walls",-2037,-190,2488
"walls",-2046,-191,2489
"walls",-2037,-191,2490
"walls",-2043,-176,2491
"walls",-2037,-176,2492
"walls",-2034,-176,2493
"walls",-2033,-176,2494
"walls",-2044,-177,2495
"walls",-2037,-177,2496
"walls",-2034,-177,2497
"walls",-2048,-178,2498
"walls",-2047,-178,2499
"walls",-2046,-178,2500
"walls",-2045,-178,2501
"walls",-2044,-178,2502
"walls",-2043,-178,2503
"walls",-2042,-178,2504
"walls",-2037,-178,2505
"doors",-2036,-178,2506
"walls",-2035,-178,2507
"walls",-2034,-178,2508
"walls",-2033,-178,2509
"walls",-2048,-183,2510
"walls",-2047,-183,2511
"walls",-2046,-183,2512
"doors",-2045,-183,2513
"walls",-2044,-183,2514
"walls",-2043,-183,2515
"walls",-2042,-183,2516
"walls",-2041,-183,2517
"walls",-2040,-183,2518
"walls",-2039,-183,2519
"walls",-2038,-183,2520
"walls",-2037,-183,2521
"doors",-2036,-183,2522
"walls",-2035,-183,2523
"walls",-2034,-183,2524
"walls",-2033,-183,2525
"walls",-2046,-184,2526
"walls",-2043,-184,2527
"walls",-2041,-184,2528
"walls",-2037,-184,2529
"walls",-2034,-184,2530
"walls",-2046,-185,2531
"walls",-2043,-185,2532
"walls",-2042,-185,2533
"walls",-2037,-185,2534
"walls",-2034,-185,2535
"walls",-2033,-185,2536
"walls",-2046,-186,2537
"walls",-2043,-186,2538
"walls",-2037,-186,2539
"walls",-2034,-186,2540
"walls",-2046,-187,2541
"walls",-2043,-187,2542
"walls",-2037,-187,2543
"walls",-2034,-187,2544
"walls",-2046,-188,2545
"walls",-2043,-188,2546
"walls",-2037,-188,2547
"walls",-2034,-188,2548
"walls",-2046,-189,2549
"walls",-2037,-189,2550
"walls",-2046,-190,2551
"walls",-2037,-190,2552
"walls",-2046,-191,2553
"walls",-2037,-191,2554
"walls",-2043,-176,2555
"walls",-2037,-176,2556
"walls",-2034,-176,2557
"walls",-2033,-176,2558
"walls",-2044,-177,2559
"walls",-2043,-177,2560
"walls",-2037,-177,2561
"walls",-2034,-177,2562
"walls",-2033,-177,2563
"walls",-2048,-178,2564
"walls",-2047,-178,2565
"walls",-2046,-178,2566
"walls",-2045,-178,2567
"walls",-2044,-178,2568
"walls",-2043,-178,2569
"walls",-2042,-178,2570
"walls",-2037,-178,2571
"doors",-2036,-178,2572
"walls",-2035,-178,2573
"walls",-2034,-178,2574
"walls",-2033,-178,2575
"walls",-2048,-183,2576
"walls",-2047,-183,2577
"walls",-2046,-183,2578
"doors",-2045,-183,2579
"walls",-2044,-183,2580
"walls",-2043,-183,2581
"walls",-2042,-183,2582
"walls",-2041,-183,2583
"walls",-2040,-183,2584
"walls",-2039,-183,2585
"walls",-2038,-183,2586
"walls",-2037,-183,2587
"doors",-2036,-183,2588
"walls",-2035,-183,2589
"walls",-2034,-183,2590
"walls",-2033,-183,2591
"walls",-2046,-184,2592
"walls",-2043,-184,2593
"walls",-2042,-184,2594
"walls",-2041,-184,2595
"walls",-2037,-184,2596
"walls",-2034,-184,2597
"walls",-2033,-184,2598
"walls",-2046,-185,2599
"walls",-2043,-185,2600
"walls",-2042,-185,2601
"walls",-2037,-185,2602
"walls",-2034,-185,2603
"walls",-2033,-185,2604
"walls",-2046,-186,2605
"walls",-2043,-186,2606
"walls",-2037,-186,2607
"walls",-2034,-186,2608
"walls",-2046,-187,2609
"walls",-2043,-187,2610
"walls",-2037,-187,2611
"walls",-2034,-187,2612
"walls",-2046,-188,2613
"walls",-2043,-188,2614
"walls",-2037,-188,2615
"walls",-2034,-188,2616
"walls",-2046,-189,2617
"walls",-2037,-189,2618
"walls",-2046,-190,2619
"walls",-2037,-190,2620
"walls",-2046,-191,2621
"walls",-2037,-191,2622
"walls",-2048,-192,2623
"walls",-2047,-192,2624
"walls",-2046,-192,2625
"walls",-2045,-192,2626
"walls",-2044,-192,2627
"walls",-2043,-192,2628
"walls",-2042,-192,2629
"walls",-2041,-192,2630
"walls",-2040,-192,2631
"walls",-2039,-192,2632
"walls",-2038,-192,2633
"walls",-2037,-192,2634
"walls",-2036,-192,2635
"walls",-2035,-192,2636
"walls",-2034,-192,2637
"walls",-2033,-192,2638
"walls",-2046,-192,2639
"walls",-2037,-192,2640
"walls",-2046,-192,2641
"walls",-2037,-192,2642
"walls",-2032,-143,2643
"walls",-2031,-143,2644
"walls",-2030,-143,2645
"walls",-2029,-143,2646
"walls",-2028,-143,2647
"walls",-2028,-143,2648
"walls",-2026,-143,2649
"walls",-2028,-143,2650
"walls",-2026,-143,2651
"walls",-2028,-144,2652
"green victims",-2032,-145,2653
"walls",-2028,-145,2654
"walls",-2028,-146,2655
"green victims",-2030,-147,2656
"walls",-2028,-147,2657
"green victims",-2025,-147,2658
"walls",-2028,-148,2659
"walls",-2028,-149,2660
"walls",-2028,-150,2661
"doors",-2028,-151,2662
"stairs",-2032,-152,2663
"stairs",-2031,-152,2664
"walls",-2028,-152,2665
"walls",-2028,-153,2666
"stairs",-2032,-154,2667
"stairs",-2031,-154,2668
"walls",-2028,-154,2669
"walls",-2028,-155,2670
"yellow victims",-2032,-156,2671
"walls",-2028,-156,2672
"walls",-2028,-157,2673
"walls",-2028,-158,2674
"walls",-2032,-159,2675
"walls",-2031,-159,2676
"walls",-2030,-159,2677
"walls",-2029,-159,2678
"walls",-2028,-159,2679
"walls",-2026,-144,2680
"walls",-2025,-144,2681
"walls",-2024,-144,2682
"walls",-2024,-145,2683
"walls",-2023,-145,2684
"walls",-2022,-145,2685
"walls",-2022,-146,2686
"walls",-2022,-147,2687
"walls",-2021,-148,2688
"walls",-2021,-149,2689
"walls",-2020,-149,2690
"walls",-2028,-150,2691
"walls",-2020,-150,2692
"doors",-2028,-151,2693
"walls",-2020,-151,2694
"walls",-2028,-152,2695
"walls",-2020,-152,2696
"walls",-2021,-153,2697
"walls",-2020,-153,2698
"walls",-2021,-154,2699
"walls",-2022,-155,2700
"walls",-2022,-156,2701
"walls",-2024,-157,2702
"walls",-2023,-157,2703
"walls",-2022,-157,2704
"walls",-2032,-158,2705
"walls",-2026,-158,2706
"walls",-2025,-158,2707
"walls",-2024,-158,2708
"walls",-2032,-159,2709
"walls",-2031,-159,2710
"walls",-2030,-159,2711
"walls",-2029,-159,2712
"walls",-2028,-159,2713
"walls",-2026,-159,2714
"walls",-2026,-144,2715
"walls",-2025,-144,2716
"walls",-2024,-144,2717
"walls",-2024,-145,2718
"walls",-2023,-145,2719
"walls",-2022,-145,2720
"walls",-2022,-146,2721
"walls",-2022,-147,2722
"walls",-2021,-148,2723
"walls",-2021,-149,2724
"walls",-2020,-149,2725
"walls",-2028,-150,2726
"walls",-2020,-150,2727
"doors",-2028,-151,2728
"walls",-2020,-151,2729
"walls",-2028,-152,2730
"walls",-2020,-152,2731
"walls",-2021,-153,2732
"walls",-2020,-153,2733
"walls",-2021,-154,2734
"walls",-2022,-155,2735
"walls",-2022,-156,2736
"walls",-2024,-157,2737
"walls",-2023,-157,2738
"walls",-2022,-157,2739
"walls",-2032,-158,2740
"walls",-2026,-158,2741
"walls",-2025,-158,2742
"walls",-2024,-158,2743
"walls",-2032,-159,2744
"walls",-2031,-159,2745
"walls",-2030,-159,2746
"walls",-2029,-159,2747
"walls",-2028,-159,2748
"walls",-2026,-159,2749
"walls",-2032,-160,2750
"walls",-2031,-160,2751
"walls",-2030,-160,2752
"walls",-2029,-160,2753
"walls",-2028,-160,2754
"stairs",-2031,-161,2755
"walls",-2028,-161,2756
"stairs",-2031,-162,2757
"walls",-2028,-162,2758
"stairs",-2031,-163,2759
"walls",-2028,-163,2760
"walls",-2028,-164,2761
"walls",-2028,-165,2762
"walls",-2032,-166,2763
"walls",-2028,-166,2764
"walls",-2028,-167,2765
"walls",-2028,-168,2766
"walls",-2032,-169,2767
"walls",-2031,-169,2768
"walls",-2030,-169,2769
"walls",-2029,-169,2770
"walls",-2028,-169,2771
"walls",-2028,-170,2772
"walls",-2028,-171,2773
"stairs",-2031,-172,2774
"stairs",-2030,-172,2775
"stairs",-2029,-172,2776
"walls",-2028,-172,2777
"walls",-2028,-173,2778
"stairs",-2031,-174,2779
"stairs",-2030,-174,2780
"stairs",-2029,-174,2781
"walls",-2028,-174,2782
"walls",-2028,-175,2783
"walls",-2032,-160,2784
"walls",-2031,-160,2785
"walls",-2030,-160,2786
"walls",-2029,-160,2787
"walls",-2028,-160,2788
"walls",-2032,-166,2789
"walls",-2032,-169,2790
"walls",-2031,-169,2791
"walls",-2030,-169,2792
"walls",-2029,-169,2793
"walls",-2028,-169,2794
"walls",-2032,-160,2795
"walls",-2031,-160,2796
"walls",-2030,-160,2797
"walls",-2029,-160,2798
"walls",-2028,-160,2799
"walls",-2032,-166,2800
"walls",-2032,-169,2801
"walls",-2031,-169,2802
"walls",-2030,-169,2803
"walls",-2029,-169,2804
"walls",-2028,-169,2805
"walls",-2028,-176,2806
"walls",-2032,-177,2807
"walls",-2028,-177,2808
"walls",-2032,-178,2809
"walls",-2031,-178,2810
"walls",-2030,-178,2811
"walls",-2029,-178,2812
"walls",-2028,-178,2813
"walls",-2028,-179,2814
"walls",-2028,-180,2815
"walls",-2028,-181,2816
"walls",-2028,-182,2817
"walls",-2032,-183,2818
"walls",-2031,-183,2819
"walls",-2030,-183,2820
"walls",-2029,-183,2821
"walls",-2028,-183,2822
"walls",-2032,-184,2823
"walls",-2028,-184,2824
"walls",-2028,-185,2825
"walls",-2028,-186,2826
"stairs",-2031,-187,2827
"stairs",-2030,-187,2828
"stairs",-2029,-187,2829
"walls",-2028,-187,2830
"walls",-2028,-188,2831
"stairs",-2031,-189,2832
"stairs",-2030,-189,2833
"stairs",-2029,-189,2834
"walls",-2028,-189,2835
"walls",-2028,-190,2836
"walls",-2028,-191,2837
"walls",-2032,-177,2838
"walls",-2032,-178,2839
"walls",-2031,-178,2840
"walls",-2030,-178,2841
"walls",-2029,-178,2842
"walls",-2028,-178,2843
"walls",-2032,-183,2844
"walls",-2031,-183,2845
"walls",-2030,-183,2846
"walls",-2029,-183,2847
"walls",-2028,-183,2848
"walls",-2032,-184,2849
"walls",-2032,-177,2850
"walls",-2032,-178,2851
"walls",-2031,-178,2852
"walls",-2030,-178,2853
"walls",-2029,-178,2854
"walls",-2028,-178,2855
"walls",-2032,-183,2856
"walls",-2031,-183,2857
"walls",-2030,-183,2858
"walls",-2029,-183,2859
"walls",-2028,-183,2860
"walls",-2032,-184,2861
"walls",-2032,-192,2862
"walls",-2031,-192,2863
"walls",-2030,-192,2864
"walls",-2029,-192,2865
"walls",-2028,-192,2866
"walls",-2028,-192,2867
"walls",-2028,-192,2868
